Year,Engineering technologies
2000,"40,470"
2001,"39,732"
2002,"37,901"
2003,"39,600"
2004,"37,020"
2005,"32,488"
2006,"29,710"
2007,"30,097"
2008,"31,643"
2009,"33,243"
2010,"34,553"
2011,"38,222"
2012,"40,630"
2013,"37,475"
2014,"34,638"
2015,"34,764"
2016,"31,704"
2017,"31,561"
2018,"31,438"
2019,"30,731"
